variable,district,From,Up to ,status
Fuel,Adado-Rural,0.9,1,Normal
Fuel,Adado-Rural,1.01,1.2,Alert
Fuel,Adado-Rural,1.21,1.5,Alarm
Goat,Adado-Rural,70,50,Normal
Goat,Adado-Rural,49,35,Alert
Goat,Adado-Rural,34,25,Alarm
Labour,Adado-Rural,15,12,Normal
Labour,Adado-Rural,11,9,Alert
Labour,Adado-Rural,8,6,Alarm
Maize,Adado-Rural,0.8,1,Normal
Maize,Adado-Rural,1.01,1.5,Alert
Maize,Adado-Rural,1.51,2,Alarm
Rice,Adado-Rural,0.8,0.9,Normal
Rice,Adado-Rural,0.91,1.3,Alert
Rice,Adado-Rural,1.31,1.5,Alarm
Sorghum,Adado-Rural,1,1.2,Normal
Sorghum,Adado-Rural,1.21,1.5,Alert
Sorghum,Adado-Rural,1.51,2,Alarm
Water,Adado-Rural,0.4,0.6,Normal
Water,Adado-Rural,0.61,0.7,Alert
Water,Adado-Rural,0.71,1.5,Alarm
Sorghum,Afgoye-Rural,1,1.2,Normal
Sorghum,Afgoye-Rural,1.21,1.5,Alert
Sorghum,Afgoye-Rural,1.51,2.5,Alarm
Water,Afgoye-Rural,0.04,0.08,Normal
Water,Afgoye-Rural,0.09,0.15,Alert
Water,Afgoye-Rural,0.16,0.2,Alarm
Fuel,Afgoye-Rural,0.8,1,Normal
Fuel,Afgoye-Rural,1.01,1.5,Alert
Fuel,Afgoye-Rural,1.51,3,Alarm
Goat,Afgoye-Rural,90,65,Normal
Goat,Afgoye-Rural,64,45,Alert
Goat,Afgoye-Rural,44,25,Alarm
Labour,Afgoye-Rural,8,6,Normal
Labour,Afgoye-Rural,5.99,5,Alert
Labour,Afgoye-Rural,4.99,3,Alarm
Maize,Afgoye-Rural,1.2,1.35,Normal
Maize,Afgoye-Rural,1.36,2,Alert
Maize,Afgoye-Rural,2.01,2.5,Alarm
Rice,Afgoye-Rural,0.8,1,Normal
Rice,Afgoye-Rural,1.01,1.5,Alert
Rice,Afgoye-Rural,1.51,2.3,Alarm
Sorghum,Afmadow-Rural,0.7,0.75,Normal
Sorghum,Afmadow-Rural,0.76,0.8,Alert
Sorghum,Afmadow-Rural,0.81,1,Alarm
Water,Afmadow-Rural,0.07,0.09,Normal
Water,Afmadow-Rural,0.1,0.25,Alert
Water,Afmadow-Rural,0.26,0.3,Alarm
Fuel,Afmadow-Rural,0.9,0.95,Normal
Fuel,Afmadow-Rural,1.01,1.1,Alert
Fuel,Afmadow-Rural,1.11,2,Alarm
Goat,Afmadow-Rural,80,70,Normal
Goat,Afmadow-Rural,69,45,Alert
Goat,Afmadow-Rural,44,35,Alarm
Labour,Afmadow-Rural,7,6,Normal
Labour,Afmadow-Rural,5.99,4.5,Alert
Labour,Afmadow-Rural,4.49,3.5,Alarm
Maize,Afmadow-Rural,0.7,0.78,Normal
Maize,Afmadow-Rural,0.79,0.92,Alert
Maize,Afmadow-Rural,0.93,1.07,Alarm
Rice,Afmadow-Rural,0.9,0.95,Normal
Rice,Afmadow-Rural,0.96,1.1,Alert
Rice,Afmadow-Rural,1.11,1.5,Alarm
Sorghum,Baardhere-Rural,0.8,1,Normal
Sorghum,Baardhere-Rural,1.01,1.45,Alert
Sorghum,Baardhere-Rural,1.46,2,Alarm
Water,Baardhere-Rural,0.3,0.4,Normal
Water,Baardhere-Rural,0.41,0.8,Alert
Water,Baardhere-Rural,0.81,1,Alarm
Fuel,Baardhere-Rural,1,1.2,Normal
Fuel,Baardhere-Rural,1.21,1.75,Alert
Fuel,Baardhere-Rural,1.76,2.5,Alarm
Goat,Baardhere-Rural,60,50,Normal
Goat,Baardhere-Rural,49,40,Alert
Goat,Baardhere-Rural,39,25,Alarm
Labour,Baardhere-Rural,8,6,Normal
Labour,Baardhere-Rural,5.99,4.5,Alert
Labour,Baardhere-Rural,4.49,4,Alarm
Maize,Baardhere-Rural,1,1.2,Normal
Maize,Baardhere-Rural,1.21,1.5,Alert
Maize,Baardhere-Rural,1.51,2.2,Alarm
Rice,Baardhere-Rural,1.2,1.3,Normal
Rice,Baardhere-Rural,1.31,1.8,Alert
Rice,Baardhere-Rural,1.81,2.5,Alarm
Sorghum,Baardhere-Urban,1,1.3,Normal
Sorghum,Baardhere-Urban,1.31,1.65,Alert
Sorghum,Baardhere-Urban,1.66,2.2,Alarm
Water,Baardhere-Urban,0.4,0.5,Normal
Water,Baardhere-Urban,0.51,0.85,Alert
Water,Baardhere-Urban,0.86,1.1,Alarm
Fuel,Baardhere-Urban,1,1.2,Normal
Fuel,Baardhere-Urban,1.21,1.75,Alert
Fuel,Baardhere-Urban,1.76,2.5,Alarm
Goat,Baardhere-Urban,65,60,Normal
Goat,Baardhere-Urban,59,45,Alert
Goat,Baardhere-Urban,44,20,Alarm
Labour,Baardhere-Urban,8.5,8,Normal
Labour,Baardhere-Urban,7.99,6.5,Alert
Labour,Baardhere-Urban,6.49,5,Alarm
Maize,Baardhere-Urban,1.2,1.3,Normal
Maize,Baardhere-Urban,1.31,1.75,Alert
Maize,Baardhere-Urban,1.76,2.5,Alarm
Rice,Baardhere-Urban,1,1.2,Normal
Rice,Baardhere-Urban,1.21,1.5,Alert
Rice,Baardhere-Urban,1.51,2.5,Alarm
Sorghum,Baidoa-Rural,0.12,0.25,Normal
Sorghum,Baidoa-Rural,0.26,0.35,Alert
Sorghum,Baidoa-Rural,0.36,0.55,Alarm
Water,Baidoa-Rural,0.03,0.12,Normal
Water,Baidoa-Rural,0.13,0.18,Alert
Water,Baidoa-Rural,0.19,0.25,Alarm
Fuel,Baidoa-Rural,0.88,1.2,Normal
Fuel,Baidoa-Rural,1.21,1.6,Alert
Fuel,Baidoa-Rural,1.61,2.1,Alarm
Goat,Baidoa-Rural,90,61,Normal
Goat,Baidoa-Rural,60,41,Alert
Goat,Baidoa-Rural,40,30,Alarm
Labour,Baidoa-Rural,10,7.2,Normal
Labour,Baidoa-Rural,7.1,4.5,Alert
Labour,Baidoa-Rural,4.49,2.5,Alarm
Maize,Baidoa-Rural,0.17,0.35,Normal
Maize,Baidoa-Rural,0.36,0.65,Alert
Maize,Baidoa-Rural,0.66,0.85,Alarm
Rice,Baidoa-Rural,0.8,1,Normal
Rice,Baidoa-Rural,1.01,1.26,Alert
Rice,Baidoa-Rural,1.27,1.4,Alarm
Sorghum,Baidoa-Urban,0.16,0.22,Normal
Sorghum,Baidoa-Urban,0.23,0.4,Alert
Sorghum,Baidoa-Urban,0.41,0.57,Alarm
Water,Baidoa-Urban,0.08,0.13,Normal
Water,Baidoa-Urban,0.14,0.18,Alert
Water,Baidoa-Urban,0.19,0.25,Alarm
Fuel,Baidoa-Urban,0.9,1,Normal
Fuel,Baidoa-Urban,1.11,1.6,Alert
Fuel,Baidoa-Urban,1.61,2,Alarm
Goat,Baidoa-Urban,83,77,Normal
Goat,Baidoa-Urban,76,64,Alert
Goat,Baidoa-Urban,63,45,Alarm
Labour,Baidoa-Urban,12,8,Normal
Labour,Baidoa-Urban,7.99,6,Alert
Labour,Baidoa-Urban,5.99,4,Alarm
Maize,Baidoa-Urban,0.27,0.37,Normal
Maize,Baidoa-Urban,0.38,0.65,Alert
Maize,Baidoa-Urban,0.66,0.83,Alarm
Rice,Baidoa-Urban,0.8,1,Normal
Rice,Baidoa-Urban,1.01,1.26,Alert
Rice,Baidoa-Urban,1.27,1.44,Alarm
Sorghum,Belet_Hawa-Rural,1.2,1.5,Normal
Sorghum,Belet_Hawa-Rural,1.51,2.3,Alert
Sorghum,Belet_Hawa-Rural,2.31,3.3,Alarm
Water,Belet_Hawa-Rural,0.4,0.5,Normal
Water,Belet_Hawa-Rural,0.51,0.85,Alert
Water,Belet_Hawa-Rural,0.89,1.3,Alarm
Fuel,Belet_Hawa-Rural,0.8,1,Normal
Fuel,Belet_Hawa-Rural,1.01,1.5,Alert
Fuel,Belet_Hawa-Rural,1.51,2.5,Alarm
Goat,Belet_Hawa-Rural,80,70,Normal
Goat,Belet_Hawa-Rural,69,60,Alert
Goat,Belet_Hawa-Rural,59,45,Alarm
Labour,Belet_Hawa-Rural,6,5,Normal
Labour,Belet_Hawa-Rural,4.99,3,Alert
Labour,Belet_Hawa-Rural,2.99,2,Alarm
Maize,Belet_Hawa-Rural,1.2,1.5,Normal
Maize,Belet_Hawa-Rural,1.51,2.3,Alert
Maize,Belet_Hawa-Rural,2.31,3,Alarm
Rice,Belet_Hawa-Rural,0.8,0.85,Normal
Rice,Belet_Hawa-Rural,0.86,1.2,Alert
Rice,Belet_Hawa-Rural,1.21,2,Alarm
Fuel,Belet_weyne-Rural,1,1.1,Normal
Fuel,Belet_weyne-Rural,1.11,1.25,Alert
Fuel,Belet_weyne-Rural,1.26,1.4,Alarm
Goat,Belet_weyne-Rural,80,60,Normal
Goat,Belet_weyne-Rural,59,50,Alert
Goat,Belet_weyne-Rural,49,40,Alarm
Labour,Belet_weyne-Rural,8.5,7.5,Normal
Labour,Belet_weyne-Rural,7.49,6.5,Alert
Labour,Belet_weyne-Rural,6.49,5,Alarm
Maize,Belet_weyne-Rural,0.5,0.6,Normal
Maize,Belet_weyne-Rural,0.61,0.8,Alert
Maize,Belet_weyne-Rural,0.81,0.9,Alarm
Rice,Belet_weyne-Rural,0.75,0.8,Normal
Rice,Belet_weyne-Rural,0.81,1,Alert
Rice,Belet_weyne-Rural,1.01,1.2,Alarm
Sorghum,Belet_weyne-Rural,0.5,0.6,Normal
Sorghum,Belet_weyne-Rural,0.61,0.8,Alert
Sorghum,Belet_weyne-Rural,0.81,0.95,Alarm
Water,Belet_weyne-Rural,0.1,0.2,Normal
Water,Belet_weyne-Rural,0.21,0.3,Alert
Water,Belet_weyne-Rural,0.31,0.6,Alarm
Sorghum,Dhusamareeb-Rural,0.9,0.92,Normal
Sorghum,Dhusamareeb-Rural,0.93,0.95,Alert
Sorghum,Dhusamareeb-Rural,0.96,1,Alarm
Water,Dhusamareeb-Rural,0.01,0.02,Normal
Water,Dhusamareeb-Rural,0.03,0.04,Alert
Water,Dhusamareeb-Rural,0.05,0.06,Alarm
Fuel,Dhusamareeb-Rural,0.9,1,Normal
Fuel,Dhusamareeb-Rural,1.01,1.09,Alert
Fuel,Dhusamareeb-Rural,1.1,1.2,Alarm
Goat,Dhusamareeb-Rural,65,60,Normal
Goat,Dhusamareeb-Rural,59,55,Alert
Goat,Dhusamareeb-Rural,54,40,Alarm
Labour,Dhusamareeb-Rural,10,6,Normal
Labour,Dhusamareeb-Rural,5.99,4.5,Alert
Labour,Dhusamareeb-Rural,4.49,3,Alarm
Maize,Dhusamareeb-Rural,0.5,0.52,Normal
Maize,Dhusamareeb-Rural,0.53,0.6,Alert
Maize,Dhusamareeb-Rural,0.61,0.8,Alarm
Rice,Dhusamareeb-Rural,0.76,0.9,Normal
Rice,Dhusamareeb-Rural,0.91,1.2,Alert
Rice,Dhusamareeb-Rural,1.21,1.3,Alarm
Sorghum,Diinsoor-Rural,0.23,0.4,Normal
Sorghum,Diinsoor-Rural,0.41,0.65,Alert
Sorghum,Diinsoor-Rural,0.66,1,Alarm
Water,Diinsoor-Rural,0.11,0.15,Normal
Water,Diinsoor-Rural,0.16,0.23,Alert
Water,Diinsoor-Rural,0.24,0.34,Alarm
Fuel,Diinsoor-Rural,1.5,1.7,Normal
Fuel,Diinsoor-Rural,1.71,2.2,Alert
Fuel,Diinsoor-Rural,2.21,2.8,Alarm
Goat,Diinsoor-Rural,70,55,Normal
Goat,Diinsoor-Rural,54,40,Alert
Goat,Diinsoor-Rural,39,25,Alarm
Labour,Diinsoor-Rural,5,3.5,Normal
Labour,Diinsoor-Rural,3.49,3,Alert
Labour,Diinsoor-Rural,2.99,2,Alarm
Maize,Diinsoor-Rural,0.23,0.42,Normal
Maize,Diinsoor-Rural,0.43,0.63,Alert
Maize,Diinsoor-Rural,0.64,1.3,Alarm
Rice,Diinsoor-Rural,0.9,1,Normal
Rice,Diinsoor-Rural,1.01,1.3,Alert
Rice,Diinsoor-Rural,1.31,1.52,Alarm
Fuel,El-berde-Rural,0.9,1.3,Normal
Fuel,El-berde-Rural,1.31,1.59,Alert
Fuel,El-berde-Rural,1.6,2,Alarm
Goat,El-berde-Rural,70,50,Normal
Goat,El-berde-Rural,49,30,Alert
Goat,El-berde-Rural,29,20,Alarm
Labour,El-berde-Rural,7,6,Normal
Labour,El-berde-Rural,5.99,4,Alert
Labour,El-berde-Rural,3.99,2.5,Alarm
Maize,El-berde-Rural,0.7,1.05,Normal
Maize,El-berde-Rural,1.06,1.69,Alert
Maize,El-berde-Rural,1.7,2,Alarm
Rice,El-berde-Rural,0.65,0.94,Normal
Rice,El-berde-Rural,0.95,1.09,Alert
Rice,El-berde-Rural,1.1,1.5,Alarm
Sorghum,El-berde-Rural,0.8,1.1,Normal
Sorghum,El-berde-Rural,1.11,1.7,Alert
Sorghum,El-berde-Rural,1.71,2,Alarm
Water,El-berde-Rural,0.15,0.2,Normal
Water,El-berde-Rural,0.21,0.23,Alert
Water,El-berde-Rural,0.24,0.25,Alarm
Sorghum,Galdogob-Rural,0.9,1,Normal
Sorghum,Galdogob-Rural,1.01,1.4,Alert
Sorghum,Galdogob-Rural,1.41,1.6,Alarm
Water,Galdogob-Rural,0.5,0.6,Normal
Water,Galdogob-Rural,0.61,0.9,Alert
Water,Galdogob-Rural,0.91,2,Alarm
Fuel,Galdogob-Rural,0.8,0.9,Normal
Fuel,Galdogob-Rural,0.91,1,Alert
Fuel,Galdogob-Rural,1.01,1.6,Alarm
Goat,Galdogob-Rural,70,56,Normal
Goat,Galdogob-Rural,55,46,Alert
Goat,Galdogob-Rural,45,30,Alarm
Labour,Galdogob-Rural,9,7,Normal
Labour,Galdogob-Rural,10,9,Alert
Labour,Galdogob-Rural,8,7,Alarm
Maize,Galdogob-Rural,0.9,1.1,Normal
Maize,Galdogob-Rural,1.11,1.5,Alert
Maize,Galdogob-Rural,1.51,1.6,Alarm
Rice,Galdogob-Rural,0.5,0.8,Normal
Rice,Galdogob-Rural,0.81,1.3,Alert
Rice,Galdogob-Rural,1.31,1.5,Alarm
Sorghum,Galkacyo-North-Urban,0.6,0.8,Normal
Sorghum,Galkacyo-North-Urban,0.81,1.2,Alert
Sorghum,Galkacyo-North-Urban,1.21,1.8,Alarm
Water,Galkacyo-North-Urban,0.1,0.3,Normal
Water,Galkacyo-North-Urban,0.31,0.49,Alert
Water,Galkacyo-North-Urban,0.5,0.6,Alarm
Fuel,Galkacyo-North-Urban,0.9,1,Normal
Fuel,Galkacyo-North-Urban,1.01,1.3,Alert
Fuel,Galkacyo-North-Urban,1.31,1.5,Alarm
Goat,Galkacyo-North-Urban,82,75,Normal
Goat,Galkacyo-North-Urban,74,70,Alert
Goat,Galkacyo-North-Urban,69,50,Alarm
Labour,Galkacyo-North-Urban,15,10,Normal
Labour,Galkacyo-North-Urban,9.99,8,Alert
Labour,Galkacyo-North-Urban,7.99,5,Alarm
Maize,Galkacyo-North-Urban,0.6,0.7,Normal
Maize,Galkacyo-North-Urban,0.71,1.2,Alert
Maize,Galkacyo-North-Urban,1.21,1.8,Alarm
Rice,Galkacyo-North-Urban,0.5,0.6,Normal
Rice,Galkacyo-North-Urban,0.61,1,Alert
Rice,Galkacyo-North-Urban,1.21,1.4,Alarm
Fuel,Hudur-Rural,1.5,2.09,Normal
Fuel,Hudur-Rural,2.1,2.59,Alert
Fuel,Hudur-Rural,2.6,4,Alarm
Goat,Hudur-Rural,70,55,Normal
Goat,Hudur-Rural,54,35,Alert
Goat,Hudur-Rural,34,23,Alarm
Labour,Hudur-Rural,7,6.1,Normal
Labour,Hudur-Rural,6.09,5.1,Alert
Labour,Hudur-Rural,5.09,4,Alarm
Maize,Hudur-Rural,0.5,0.65,Normal
Maize,Hudur-Rural,0.66,0.75,Alert
Maize,Hudur-Rural,0.76,1.48,Alarm
Rice,Hudur-Rural,0.68,1.03,Normal
Rice,Hudur-Rural,1.04,1.16,Alert
Rice,Hudur-Rural,1.17,1.48,Alarm
Sorghum,Hudur-Rural,0.24,0.45,Normal
Sorghum,Hudur-Rural,0.46,0.69,Alert
Sorghum,Hudur-Rural,0.7,1,Alarm
Water,Hudur-Rural,0.15,0.24,Normal
Water,Hudur-Rural,0.25,0.34,Alert
Water,Hudur-Rural,0.35,0.4,Alarm
Sorghum,Jariiban-Urban,0.8,1,Normal
Sorghum,Jariiban-Urban,1.01,1.5,Alert
Sorghum,Jariiban-Urban,1.51,2.8,Alarm
Water,Jariiban-Urban,0.2,0.3,Normal
Water,Jariiban-Urban,0.31,0.5,Alert
Water,Jariiban-Urban,0.61,0.7,Alarm
Fuel,Jariiban-Urban,1,1.1,Normal
Fuel,Jariiban-Urban,1.11,1.3,Alert
Fuel,Jariiban-Urban,1.31,1.5,Alarm
Goat,Jariiban-Urban,80,65,Normal
Goat,Jariiban-Urban,64,50,Alert
Goat,Jariiban-Urban,49,40,Alarm
Labour,Jariiban-Urban,6,5,Normal
Labour,Jariiban-Urban,4.99,4,Alert
Labour,Jariiban-Urban,3.99,3,Alarm
Maize,Jariiban-Urban,0.6,0.8,Normal
Maize,Jariiban-Urban,0.81,1.5,Alert
Maize,Jariiban-Urban,1.51,2,Alarm
Rice,Jariiban-Urban,0.8,1,Normal
Rice,Jariiban-Urban,1.01,1.3,Alert
Rice,Jariiban-Urban,1.31,1.8,Alarm
Fuel,Jawhar-Rural,1,1.1,Normal
Fuel,Jawhar-Rural,1.11,1.3,Alert
Fuel,Jawhar-Rural,1.31,1.8,Alarm
Goat,Jawhar-Rural,90,85,Normal
Goat,Jawhar-Rural,76,65,Alert
Goat,Jawhar-Rural,78,89,Alarm
Labour,Jawhar-Rural,7,6,Normal
Labour,Jawhar-Rural,5.99,5,Alert
Labour,Jawhar-Rural,4.99,4,Alarm
Maize,Jawhar-Rural,0.37,0.57,Normal
Maize,Jawhar-Rural,0.56,0.85,Alert
Maize,Jawhar-Rural,0.86,1,Alarm
Rice,Jawhar-Rural,0.81,1,Normal
Rice,Jawhar-Rural,1.01,1.2,Alert
Rice,Jawhar-Rural,1.21,1.45,Alarm
Sorghum,Jawhar-Rural,0.3,0.5,Normal
Sorghum,Jawhar-Rural,0.51,0.7,Alert
Sorghum,Jawhar-Rural,0.71,0.95,Alarm
Water,Jawhar-Rural,0.15,0.17,Normal
Water,Jawhar-Rural,0.18,0.25,Alert
Water,Jawhar-Rural,0.26,0.5,Alarm
Sorghum,Kismayo-Rural,0.71,0.75,Normal
Sorghum,Kismayo-Rural,0.76,0.89,Alert
Sorghum,Kismayo-Rural,0.9,1,Alarm
Water,Kismayo-Rural,0.25,0.27,Normal
Water,Kismayo-Rural,0.28,0.3,Alert
Water,Kismayo-Rural,0.31,0.33,Alarm
Fuel,Kismayo-Rural,0.8,1,Normal
Fuel,Kismayo-Rural,1.11,1.2,Alert
Fuel,Kismayo-Rural,1.21,1.5,Alarm
Goat,Kismayo-Rural,80,70,Normal
Goat,Kismayo-Rural,69,50,Alert
Goat,Kismayo-Rural,49,40,Alarm
Labour,Kismayo-Rural,6,5,Normal
Labour,Kismayo-Rural,4.99,4,Alert
Labour,Kismayo-Rural,3.99,3,Alarm
Maize,Kismayo-Rural,0.5,0.6,Normal
Maize,Kismayo-Rural,0.61,0.72,Alert
Maize,Kismayo-Rural,0.73,1,Alarm
Rice,Kismayo-Rural,0.7,0.72,Normal
Rice,Kismayo-Rural,0.73,0.8,Alert
Rice,Kismayo-Rural,0.81,1,Alarm
Fuel,Rab_dhure-Rural,1.2,1.49,Normal
Fuel,Rab_dhure-Rural,1.5,1.79,Alert
Fuel,Rab_dhure-Rural,1.8,2,Alarm
Goat,Rab_dhure-Rural,65,50,Normal
Goat,Rab_dhure-Rural,49,40,Alert
Goat,Rab_dhure-Rural,39,25,Alarm
Labour,Rab_dhure-Rural,6,4.5,Normal
Labour,Rab_dhure-Rural,4.4,3.5,Alert
Labour,Rab_dhure-Rural,3.49,2.5,Alarm
Maize,Rab_dhure-Rural,0.7,1.09,Normal
Maize,Rab_dhure-Rural,1.1,1.59,Alert
Maize,Rab_dhure-Rural,1.6,2,Alarm
Rice,Rab_dhure-Rural,0.8,1.15,Normal
Rice,Rab_dhure-Rural,1.16,1.59,Alert
Rice,Rab_dhure-Rural,1.6,2,Alarm
Sorghum,Rab_dhure-Rural,0.7,0.94,Normal
Sorghum,Rab_dhure-Rural,0.95,1.44,Alert
Sorghum,Rab_dhure-Rural,1.45,2,Alarm
Water,Rab_dhure-Rural,0.18,0.29,Normal
Water,Rab_dhure-Rural,0.3,0.49,Alert
Water,Rab_dhure-Rural,0.5,0.7,Alarm
Fuel,Waajid-Rural,1.9,2.29,Normal
Fuel,Waajid-Rural,2.3,2.89,Alert
Fuel,Waajid-Rural,2.9,3,Alarm
Goat,Waajid-Rural,80,70,Normal
Goat,Waajid-Rural,69,50,Alert
Goat,Waajid-Rural,49,30,Alarm
Labour,Waajid-Rural,8,5.55,Normal
Labour,Waajid-Rural,5.54,3.5,Alert
Labour,Waajid-Rural,3.49,2,Alarm
Maize,Waajid-Rural,0.9,1.49,Normal
Maize,Waajid-Rural,1.5,1.6,Alert
Maize,Waajid-Rural,1.61,2,Alarm
Rice,Waajid-Rural,0.8,1.15,Normal
Rice,Waajid-Rural,1.16,1.69,Alert
Rice,Waajid-Rural,1.7,2,Alarm
Sorghum,Waajid-Rural,0.85,0.94,Normal
Sorghum,Waajid-Rural,0.95,1.44,Alert
Sorghum,Waajid-Rural,1.45,1.8,Alarm
Water,Waajid-Rural,0.3,0.59,Normal
Water,Waajid-Rural,0.6,0.99,Alert
Water,Waajid-Rural,1,1.5,Alarm
Sorghum,Wanla_Weyn-Rural,0.8,1,Normal
Sorghum,Wanla_Weyn-Rural,1.01,1.45,Alert
Sorghum,Wanla_Weyn-Rural,1.46,2,Alarm
Water,Wanla_Weyn-Rural,0.3,0.4,Normal
Water,Wanla_Weyn-Rural,0.41,0.8,Alert
Water,Wanla_Weyn-Rural,0.81,1,Alarm
Fuel,Wanla_Weyn-Rural,0.8,1,Normal
Fuel,Wanla_Weyn-Rural,1.01,1.5,Alert
Fuel,Wanla_Weyn-Rural,1.51,2.5,Alarm
Goat,Wanla_Weyn-Rural,60,50,Normal
Goat,Wanla_Weyn-Rural,49,40,Alert
Goat,Wanla_Weyn-Rural,39,20,Alarm
Labour,Wanla_Weyn-Rural,8,6,Normal
Labour,Wanla_Weyn-Rural,5.99,4.5,Alert
Labour,Wanla_Weyn-Rural,4.49,3,Alarm
Maize,Wanla_Weyn-Rural,1.2,1.35,Normal
Maize,Wanla_Weyn-Rural,1.36,2,Alert
Maize,Wanla_Weyn-Rural,2.01,2.5,Alarm
Rice,Wanla_Weyn-Rural,0.8,1,Normal
Rice,Wanla_Weyn-Rural,1.01,1.5,Alert
Rice,Wanla_Weyn-Rural,1.51,2.3,Alarm
Sorghum,Galkacyo-South-Rural,1,1.2,Normal
Sorghum,Galkacyo-South-Rural,1.21,1.5,Alert
Sorghum,Galkacyo-South-Rural,1.51,2,Alarm
Water,Galkacyo-South-Rural,0.5,0.6,Normal
Water,Galkacyo-South-Rural,0.61,1,Alert
Water,Galkacyo-South-Rural,1.01,1.5,Alarm
Maize,Galkacyo-South-Rural,1,1.2,Normal
Maize,Galkacyo-South-Rural,1.21,1.5,Alert
Maize,Galkacyo-South-Rural,1.51,2,Alarm
Rice,Galkacyo-South-Rural,0.5,0.8,Normal
Rice,Galkacyo-South-Rural,0.81,1.3,Alert
Rice,Galkacyo-South-Rural,1.31,1.5,Alarm
Fuel,Galkacyo-South-Rural,0.8,0.9,Normal
Fuel,Galkacyo-South-Rural,0.91,1,Alert
Fuel,Galkacyo-South-Rural,1.01,1.6,Alarm
Goat,Galkacyo-South-Rural,80,66,Normal
Goat,Galkacyo-South-Rural,65,41,Alert
Goat,Galkacyo-South-Rural,40,35,Alarm
Labour,Galkacyo-South-Rural,14,9,Normal
Labour,Galkacyo-South-Rural,8.99,6,Alert
Labour,Galkacyo-South-Rural,5.99,4,Alarm
Sorghum,Galkacyo-North-Rural,0.7,1,Normal
Sorghum,Galkacyo-North-Rural,1.01,1.5,Alert
Sorghum,Galkacyo-North-Rural,1.51,2.5,Alarm
Water,Galkacyo-North-Rural,0.25,0.35,Normal
Water,Galkacyo-North-Rural,0.36,0.6,Alert
Water,Galkacyo-North-Rural,0.61,1,Alarm
Maize,Galkacyo-North-Rural,0.8,0.9,Normal
Maize,Galkacyo-North-Rural,1.91,1.4,Alert
Maize,Galkacyo-North-Rural,1.41,2.5,Alarm
Rice,Galkacyo-North-Rural,0.75,0.85,Normal
Rice,Galkacyo-North-Rural,0.86,1.2,Alert
Rice,Galkacyo-North-Rural,1.21,1.6,Alarm
Fuel,Galkacyo-North-Rural,1,1.2,Normal
Fuel,Galkacyo-North-Rural,1.21,1.4,Alert
Fuel,Galkacyo-North-Rural,1.41,1.6,Alarm
Goat,Galkacyo-North-Rural,80,60,Normal
Goat,Galkacyo-North-Rural,59,50,Alert
Goat,Galkacyo-North-Rural,49,40,Alarm
Labour,Galkacyo-North-Rural,11,8,Normal
Labour,Galkacyo-North-Rural,7.99,5,Alert
Labour,Galkacyo-North-Rural,4.99,3,Alarm
Sorghum,Berdale-Urban,0.43,0.49,Normal
Sorghum,Berdale-Urban,0.5,0.64,Alert
Sorghum,Berdale-Urban,0.65,1,Alarm
Maize,Berdale-Urban,0.57,0.63,Normal
Maize,Berdale-Urban,0.64,0.7,Alert
Maize,Berdale-Urban,0.71,1,Alarm
Rice,Berdale-Urban,0.8,1,Normal
Rice,Berdale-Urban,1.01,1.24,Alert
Rice,Berdale-Urban,1.25,1.4,Alarm
Goat,Berdale-Urban,70,60,Normal
Goat,Berdale-Urban,59,50,Alert
Goat,Berdale-Urban,49,40,Alarm
Water,Berdale-Urban,0.5,0.6,Normal
Water,Berdale-Urban,0.61,0.99,Alert
Water,Berdale-Urban,1,1.2,Alarm
Fuel,Berdale-Urban,0.71,0.88,Normal
Fuel,Berdale-Urban,0.89,1.06,Alert
Fuel,Berdale-Urban,1.07,2,Alarm
Labour,Berdale-Urban,7,5,Normal
Labour,Berdale-Urban,4.99,4,Alert
Labour,Berdale-Urban,3.99,3,Alarm
Sorghum,Daynile-Urban,0.62,0.68,Normal
Sorghum,Daynile-Urban,0.69,0.76,Alert
Sorghum,Daynile-Urban,0.77,1,Alarm
Maize,Daynile-Urban,0.62,0.68,Normal
Maize,Daynile-Urban,0.69,0.76,Alert
Maize,Daynile-Urban,0.77,1,Alarm
Rice,Daynile-Urban,0.65,0.75,Normal
Rice,Daynile-Urban,0.76,0.85,Alert
Rice,Daynile-Urban,0.86,1,Alarm
Goat,Daynile-Urban,90,75,Normal
Goat,Daynile-Urban,74,60,Alert
Goat,Daynile-Urban,59,40,Alarm
Water,Daynile-Urban,0.13,0.15,Normal
Water,Daynile-Urban,0.16,0.2,Alert
Water,Daynile-Urban,0.21,0.3,Alarm
Fuel,Daynile-Urban,0.77,0.95,Normal
Fuel,Daynile-Urban,0.96,1.14,Alert
Fuel,Daynile-Urban,1.15,1.5,Alarm
Labour,Daynile-Urban,10.99,10,Normal
Labour,Daynile-Urban,9.99,9,Alert
Labour,Daynile-Urban,8.99,8,Alarm
Sorghum,Dolow-Urban,0.94,0.99,Normal
Sorghum,Dolow-Urban,1,1.05,Alert
Sorghum,Dolow-Urban,1.06,1.5,Alarm
Maize,Dolow-Urban,0.62,0.68,Normal
Maize,Dolow-Urban,0.69,0.76,Alert
Maize,Dolow-Urban,0.77,1,Alarm
Rice,Dolow-Urban,1.2,1.3,Normal
Rice,Dolow-Urban,1.31,1.6,Alert
Rice,Dolow-Urban,1.61,1.8,Alarm
Goat,Dolow-Urban,80,70,Normal
Goat,Dolow-Urban,69,60,Alert
Goat,Dolow-Urban,59,50,Alarm
Water,Dolow-Urban,0.12,0.13,Normal
Water,Dolow-Urban,0.14,0.15,Alert
Water,Dolow-Urban,0.16,0.2,Alarm
Fuel,Dolow-Urban,0.63,0.77,Normal
Fuel,Dolow-Urban,0.78,0.93,Alert
Fuel,Dolow-Urban,0.94,1,Alarm
Labour,Dolow-Urban,7.99,7,Normal
Labour,Dolow-Urban,6.99,5,Alert
Labour,Dolow-Urban,4.99,4,Alarm
Sorghum,Kahda-Urban,0.62,0.68,Normal
Sorghum,Kahda-Urban,0.69,0.78,Alert
Sorghum,Kahda-Urban,0.77,1,Alarm
Maize,Kahda-Urban,0.62,0.68,Normal
Maize,Kahda-Urban,0.69,0.78,Alert
Maize,Kahda-Urban,0.77,1,Alarm
Rice,Kahda-Urban,0.65,0.75,Normal
Rice,Kahda-Urban,0.76,0.85,Alert
Rice,Kahda-Urban,0.86,1,Alarm
Goat,Kahda-Urban,90,75,Normal
Goat,Kahda-Urban,74,60,Alert
Goat,Kahda-Urban,59,40,Alarm
Water,Kahda-Urban,0.5,0.79,Normal
Water,Kahda-Urban,0.8,1.04,Alert
Water,Kahda-Urban,1.05,1.1,Alarm
Fuel,Kahda-Urban,0.77,0.95,Normal
Fuel,Kahda-Urban,0.96,1.14,Alert
Fuel,Kahda-Urban,1.15,1.5,Alarm
Labour,Kahda-Urban,10.99,10,Normal
Labour,Kahda-Urban,9.99,9,Alert
Labour,Kahda-Urban,8.99,8,Alarm
